-- phpMyAdmin SQL Dump
-- version 4.7.4
-- https://www.phpmyadmin.net/
--
-- Host: 127.0.0.1
-- Generation Time: Aug 03, 2020 at 04:46 PM
-- Server version: 10.1.29-MariaDB
-- PHP Version: 7.0.26

SET SQL_MODE = "NO_AUTO_VALUE_ON_ZERO";
SET AUTOCOMMIT = 0;
START TRANSACTION;
SET time_zone = "+00:00";


/*!40101 SET @OLD_CHARACTER_SET_CLIENT=@@CHARACTER_SET_CLIENT */;
/*!40101 SET @OLD_CHARACTER_SET_RESULTS=@@CHARACTER_SET_RESULTS */;
/*!40101 SET @OLD_COLLATION_CONNECTION=@@COLLATION_CONNECTION */;
/*!40101 SET NAMES utf8mb4 */;

--
-- Database: `mode`
--

-- --------------------------------------------------------

--
-- Table structure for table `admin`
--

CREATE TABLE `admin` (
  `id` int(11) NOT NULL,
  `name` varchar(100) NOT NULL,
  `email` varchar(155) NOT NULL,
  `password` varchar(255) NOT NULL,
  `text_password` varchar(50) NOT NULL
) ENGINE=InnoDB DEFAULT CHARSET=latin1;

--
-- Dumping data for table `admin`
--

INSERT INTO `admin` (`id`, `name`, `email`, `password`, `text_password`) VALUES
(1, 'Admin', 'admin@gmail.com', 'e10adc3949ba59abbe56e057f20f883e', '123456');

-- --------------------------------------------------------

--
-- Table structure for table `contracts`
--

CREATE TABLE `contracts` (
  `id` int(11) NOT NULL,
  `order_id` int(11) NOT NULL,
  `contract` varchar(255) NOT NULL,
  `created_at` datetime NOT NULL,
  `modified_at` timestamp NOT NULL DEFAULT CURRENT_TIMESTAMP ON UPDATE CURRENT_TIMESTAMP
) ENGINE=InnoDB DEFAULT CHARSET=latin1;

--
-- Dumping data for table `contracts`
--

INSERT INTO `contracts` (`id`, `order_id`, `contract`, `created_at`, `modified_at`) VALUES
(8, 1, '1596176523Sales Order.pdf', '2020-07-30 19:29:51', '2020-07-31 06:22:03');

-- --------------------------------------------------------

--
-- Table structure for table `customers`
--

CREATE TABLE `customers` (
  `id` int(11) NOT NULL,
  `name` varchar(150) NOT NULL,
  `foreignName` varchar(200) CHARACTER SET utf8 NOT NULL,
  `mobile` bigint(20) NOT NULL,
  `oldMobile` bigint(20) NOT NULL,
  `customerCode` varchar(50) NOT NULL,
  `status` enum('Active','Inactive') NOT NULL,
  `fcm_token` text,
  `deviceId` text NOT NULL,
  `otp` int(11) NOT NULL,
  `valid_token` text NOT NULL,
  `created_at` datetime NOT NULL,
  `modified_at` datetime NOT NULL DEFAULT CURRENT_TIMESTAMP
) ENGINE=InnoDB DEFAULT CHARSET=latin1;

--
-- Dumping data for table `customers`
--

INSERT INTO `customers` (`id`, `name`, `foreignName`, `mobile`, `oldMobile`, `customerCode`, `status`, `fcm_token`, `deviceId`, `otp`, `valid_token`, `created_at`, `modified_at`) VALUES
(1, 'Ali Faisal AL Bugami', 'علي فيصل ال', 9474565257, 9434620796, 'IX12-000185', 'Active', NULL, '', 544329, '', '2020-07-17 14:57:17', '2020-07-17 14:57:17'),
(10, 'Ali Faisal AL', 'علي فيصل ال', 8389023404, 8389023404, 'IX12-000186', 'Active', NULL, 'abcdefgh11122345', 646602, 'MiAlQ0bU27avVOpr', '2020-07-21 18:26:13', '2020-07-21 18:26:13');

-- --------------------------------------------------------

--
-- Table structure for table `delivery_men`
--

CREATE TABLE `delivery_men` (
  `id` int(11) NOT NULL,
  `name` varchar(100) NOT NULL,
  `mobile` bigint(20) NOT NULL,
  `password` varchar(255) NOT NULL,
  `text_password` varchar(200) NOT NULL,
  `email` varchar(200) NOT NULL,
  `user_code` varchar(50) NOT NULL,
  `designation` varchar(100) NOT NULL,
  `status` enum('Active','Inactive') NOT NULL DEFAULT 'Active',
  `created_at` datetime NOT NULL,
  `modified_at` timestamp NOT NULL DEFAULT CURRENT_TIMESTAMP ON UPDATE CURRENT_TIMESTAMP
) ENGINE=InnoDB DEFAULT CHARSET=latin1;

--
-- Dumping data for table `delivery_men`
--

INSERT INTO `delivery_men` (`id`, `name`, `mobile`, `password`, `text_password`, `email`, `user_code`, `designation`, `status`, `created_at`, `modified_at`) VALUES
(1, 'Shantanu Mandal', 9874533333, '827ccb0eea8a706c4c34a16891f84e7b', '12345', 'swagat@kazmatechnology.com', 'dl05', 'deliveryman', 'Active', '0000-00-00 00:00:00', '2020-07-24 11:45:49');

-- --------------------------------------------------------

--
-- Table structure for table `delivery_schedules`
--

CREATE TABLE `delivery_schedules` (
  `id` int(11) NOT NULL,
  `delivery_id` int(11) NOT NULL,
  `delivery_man_id` int(11) NOT NULL,
  `assign_date` date NOT NULL,
  `delivery_date` date NOT NULL,
  `created_at` datetime NOT NULL,
  `modified_at` timestamp NOT NULL DEFAULT CURRENT_TIMESTAMP ON UPDATE CURRENT_TIMESTAMP
) ENGINE=InnoDB DEFAULT CHARSET=latin1;

--
-- Dumping data for table `delivery_schedules`
--

INSERT INTO `delivery_schedules` (`id`, `delivery_id`, `delivery_man_id`, `assign_date`, `delivery_date`, `created_at`, `modified_at`) VALUES
(1, 2, 1, '2020-08-05', '2020-08-08', '2020-08-03 17:36:30', '2020-08-03 14:36:30');

-- --------------------------------------------------------

--
-- Table structure for table `display_contents`
--

CREATE TABLE `display_contents` (
  `id` int(11) NOT NULL,
  `file_type` enum('image','video') NOT NULL,
  `content_type` enum('item','stage') NOT NULL,
  `itemId` int(11) DEFAULT NULL,
  `stageId` int(11) DEFAULT NULL,
  `status` enum('Active','Inactive') NOT NULL,
  `created_at` datetime NOT NULL,
  `modified_at` timestamp NOT NULL DEFAULT CURRENT_TIMESTAMP ON UPDATE CURRENT_TIMESTAMP
) ENGINE=InnoDB DEFAULT CHARSET=latin1;

--
-- Dumping data for table `display_contents`
--

INSERT INTO `display_contents` (`id`, `file_type`, `content_type`, `itemId`, `stageId`, `status`, `created_at`, `modified_at`) VALUES
(1, 'image', 'stage', NULL, 7, 'Active', '0000-00-00 00:00:00', '2020-07-28 13:13:06'),
(5, 'video', 'stage', NULL, 9, 'Active', '0000-00-00 00:00:00', '2020-07-31 07:19:58');

-- --------------------------------------------------------

--
-- Table structure for table `employees`
--

CREATE TABLE `employees` (
  `id` int(11) NOT NULL,
  `name` varchar(100) NOT NULL,
  `mobile` bigint(20) NOT NULL,
  `password` varchar(255) NOT NULL,
  `text_password` varchar(200) NOT NULL,
  `email` varchar(200) NOT NULL,
  `employee_code` varchar(50) NOT NULL,
  `designation` varchar(100) NOT NULL,
  `status` enum('Active','Inactive') NOT NULL DEFAULT 'Active',
  `created_at` datetime NOT NULL,
  `modified_at` timestamp NOT NULL DEFAULT CURRENT_TIMESTAMP ON UPDATE CURRENT_TIMESTAMP
) ENGINE=InnoDB DEFAULT CHARSET=latin1;

--
-- Dumping data for table `employees`
--

INSERT INTO `employees` (`id`, `name`, `mobile`, `password`, `text_password`, `email`, `employee_code`, `designation`, `status`, `created_at`, `modified_at`) VALUES
(4, 'Shantanu Mandal', 9831130399, '827ccb0eea8a706c4c34a16891f84e7b', '12345', 'swagat@kazmatechnology.com', 'kazma03', 'Developer', 'Active', '0000-00-00 00:00:00', '2020-07-29 06:15:15');

-- --------------------------------------------------------

--
-- Table structure for table `fitters`
--

CREATE TABLE `fitters` (
  `id` int(11) NOT NULL,
  `name` varchar(100) NOT NULL,
  `mobile` bigint(20) NOT NULL,
  `password` varchar(255) NOT NULL,
  `text_password` varchar(200) NOT NULL,
  `email` varchar(200) NOT NULL,
  `user_code` varchar(50) NOT NULL,
  `designation` varchar(100) NOT NULL,
  `status` enum('Active','Inactive') NOT NULL DEFAULT 'Active',
  `created_at` datetime NOT NULL,
  `modified_at` timestamp NOT NULL DEFAULT CURRENT_TIMESTAMP ON UPDATE CURRENT_TIMESTAMP
) ENGINE=InnoDB DEFAULT CHARSET=latin1;

--
-- Dumping data for table `fitters`
--

INSERT INTO `fitters` (`id`, `name`, `mobile`, `password`, `text_password`, `email`, `user_code`, `designation`, `status`, `created_at`, `modified_at`) VALUES
(1, 'Shantanu Mandal', 9475875421, '827ccb0eea8a706c4c34a16891f84e7b', '12345', 'shantanu@kazmatechnology.com', 'FT04', 'Fitterman', 'Active', '0000-00-00 00:00:00', '2020-07-24 11:52:54');

-- --------------------------------------------------------

--
-- Table structure for table `image_videos`
--

CREATE TABLE `image_videos` (
  `id` int(11) NOT NULL,
  `display_content_id` int(11) NOT NULL,
  `image_video` varchar(255) NOT NULL
) ENGINE=InnoDB DEFAULT CHARSET=latin1;

--
-- Dumping data for table `image_videos`
--

INSERT INTO `image_videos` (`id`, `display_content_id`, `image_video`) VALUES
(31, 1, 'Jellyfish.jpg'),
(32, 1, 'Koala.jpg'),
(33, 1, 'Lighthouse.jpg'),
(34, 1, 'Penguins.jpg'),
(40, 5, 'mov_bbb.mp4'),
(41, 5, 'VID-20191121-WA0001.mp4'),
(42, 5, '1596192532ab2bfd071ed8ee93870ada914cd867a7-17.mp4');

-- --------------------------------------------------------

--
-- Table structure for table `items`
--

CREATE TABLE `items` (
  `id` int(11) NOT NULL,
  `itemCode` varchar(50) NOT NULL,
  `status` enum('Active','Inactive') NOT NULL DEFAULT 'Active'
) ENGINE=InnoDB DEFAULT CHARSET=latin1;

--
-- Dumping data for table `items`
--

INSERT INTO `items` (`id`, `itemCode`, `status`) VALUES
(3, 'NOB-0010', 'Active'),
(4, 'NOB-0011', 'Active');

-- --------------------------------------------------------

--
-- Table structure for table `order_delivery`
--

CREATE TABLE `order_delivery` (
  `id` int(11) NOT NULL,
  `order_id` int(11) NOT NULL,
  `received_at` datetime NOT NULL,
  `created_at` datetime NOT NULL,
  `modified_at` timestamp NOT NULL DEFAULT CURRENT_TIMESTAMP ON UPDATE CURRENT_TIMESTAMP
) ENGINE=InnoDB DEFAULT CHARSET=latin1;

--
-- Dumping data for table `order_delivery`
--

INSERT INTO `order_delivery` (`id`, `order_id`, `received_at`, `created_at`, `modified_at`) VALUES
(2, 1, '2020-08-01 09:43:47', '2020-08-01 09:43:47', '2020-08-01 06:43:47');

-- --------------------------------------------------------

--
-- Table structure for table `order_items`
--

CREATE TABLE `order_items` (
  `id` int(11) NOT NULL,
  `order_id` int(11) NOT NULL,
  `salesOrderId` int(11) NOT NULL,
  `orderNumber` int(11) NOT NULL,
  `itemCode` varchar(100) NOT NULL,
  `description` text CHARACTER SET utf8 NOT NULL,
  `foreignDescription` text CHARACTER SET utf8 NOT NULL,
  `quantity` int(11) NOT NULL,
  `created_at` datetime NOT NULL,
  `modified_at` timestamp NOT NULL DEFAULT CURRENT_TIMESTAMP ON UPDATE CURRENT_TIMESTAMP
) ENGINE=InnoDB DEFAULT CHARSET=latin1;

--
-- Dumping data for table `order_items`
--

INSERT INTO `order_items` (`id`, `order_id`, `salesOrderId`, `orderNumber`, `itemCode`, `description`, `foreignDescription`, `quantity`, `created_at`, `modified_at`) VALUES
(1, 1, 151939, 220265, 'NOB-0014', '', 'مودا', 1, '2020-07-17 16:08:28', '2020-07-28 10:25:08'),
(2, 1, 151939, 220265, 'NOB-0015', '', 'مودا', 1, '2020-07-24 11:15:58', '2020-07-28 10:25:12');

-- --------------------------------------------------------

--
-- Table structure for table `order_type`
--

CREATE TABLE `order_type` (
  `id` int(11) NOT NULL,
  `name` varchar(100) NOT NULL
) ENGINE=InnoDB DEFAULT CHARSET=latin1;

--
-- Dumping data for table `order_type`
--

INSERT INTO `order_type` (`id`, `name`) VALUES
(1, 'Kitchen Replacements'),
(2, 'Kitchen Sets'),
(3, 'Accessories'),
(4, 'Appliances'),
(5, 'Worktops'),
(6, 'Services');

-- --------------------------------------------------------

--
-- Table structure for table `sales_men`
--

CREATE TABLE `sales_men` (
  `id` int(11) NOT NULL,
  `name` varchar(100) NOT NULL,
  `mobile` bigint(20) NOT NULL,
  `password` varchar(255) NOT NULL,
  `email` varchar(200) NOT NULL,
  `user_code` varchar(50) NOT NULL,
  `created_at` datetime NOT NULL,
  `modified_at` timestamp NOT NULL DEFAULT CURRENT_TIMESTAMP ON UPDATE CURRENT_TIMESTAMP
) ENGINE=InnoDB DEFAULT CHARSET=latin1;

-- --------------------------------------------------------

--
-- Table structure for table `sales_orders`
--

CREATE TABLE `sales_orders` (
  `id` int(11) NOT NULL,
  `customer_id` int(11) NOT NULL,
  `orderTypeId` int(11) NOT NULL,
  `salesOrderId` int(11) NOT NULL,
  `orderNumber` int(11) NOT NULL,
  `orderDate` date NOT NULL,
  `orderDueDate` date NOT NULL,
  `customerCode` varchar(100) NOT NULL,
  `customerName` varchar(100) NOT NULL,
  `stageId` int(11) NOT NULL,
  `currency` varchar(10) NOT NULL,
  `vatAmount` decimal(10,2) NOT NULL,
  `orderTotal` decimal(12,2) NOT NULL,
  `created_at` datetime NOT NULL,
  `modified_at` timestamp NOT NULL DEFAULT CURRENT_TIMESTAMP ON UPDATE CURRENT_TIMESTAMP
) ENGINE=InnoDB DEFAULT CHARSET=latin1;

--
-- Dumping data for table `sales_orders`
--

INSERT INTO `sales_orders` (`id`, `customer_id`, `orderTypeId`, `salesOrderId`, `orderNumber`, `orderDate`, `orderDueDate`, `customerCode`, `customerName`, `stageId`, `currency`, `vatAmount`, `orderTotal`, `created_at`, `modified_at`) VALUES
(1, 1, 2, 151939, 220265, '2019-10-31', '2019-03-04', 'IX12-000185', 'Yaser Mohammed', 9, '', '1857.15', '39000.01', '2020-07-17 15:42:35', '2020-08-03 14:29:59');

-- --------------------------------------------------------

--
-- Table structure for table `sales_order_stages`
--

CREATE TABLE `sales_order_stages` (
  `stageId` int(11) NOT NULL,
  `name` varchar(100) NOT NULL,
  `shortName` varchar(30) NOT NULL,
  `image` varchar(255) NOT NULL
) ENGINE=InnoDB DEFAULT CHARSET=latin1;

--
-- Dumping data for table `sales_order_stages`
--

INSERT INTO `sales_order_stages` (`stageId`, `name`, `shortName`, `image`) VALUES
(1, 'Sales Offer', 'Offer', ''),
(2, 'Sales Contract', 'Contract', ''),
(3, 'Sent for Technical Review', 'Tech Rev', ''),
(4, 'Returned from Technical for Amendment', 'Ret.Tech.Amnd', ''),
(5, 'Approved by Technical', 'Approved', ''),
(6, 'Request for Production', 'Req.Prod.', ''),
(7, 'Purchase Order Raised', 'Raised', ''),
(8, 'Inventory Received', 'Received', ''),
(9, 'Request for Delivery', 'Req. Deliv.', ''),
(10, 'Delivered', 'Delivered', ''),
(11, 'Partial Delivery', 'Par.Delv', '');

-- --------------------------------------------------------

--
-- Table structure for table `stages_log`
--

CREATE TABLE `stages_log` (
  `id` int(11) NOT NULL,
  `stageId` int(11) NOT NULL,
  `order_id` int(11) NOT NULL,
  `isCompleted` tinyint(4) NOT NULL,
  `isCurrent` tinyint(4) NOT NULL,
  `creationDateTime` datetime NOT NULL,
  `modifiedDateTime` timestamp NOT NULL DEFAULT CURRENT_TIMESTAMP ON UPDATE CURRENT_TIMESTAMP
) ENGINE=InnoDB DEFAULT CHARSET=latin1;

--
-- Dumping data for table `stages_log`
--

INSERT INTO `stages_log` (`id`, `stageId`, `order_id`, `isCompleted`, `isCurrent`, `creationDateTime`, `modifiedDateTime`) VALUES
(3, 2, 1, 0, 0, '2020-08-01 09:42:59', '2020-08-01 06:42:59'),
(4, 8, 1, 0, 0, '2020-08-01 09:43:47', '2020-08-01 06:43:47'),
(5, 9, 1, 0, 0, '2020-08-03 17:36:30', '2020-08-03 14:36:30');

--
-- Indexes for dumped tables
--

--
-- Indexes for table `admin`
--
ALTER TABLE `admin`
  ADD PRIMARY KEY (`id`);

--
-- Indexes for table `contracts`
--
ALTER TABLE `contracts`
  ADD PRIMARY KEY (`id`),
  ADD KEY `order_id` (`order_id`);

--
-- Indexes for table `customers`
--
ALTER TABLE `customers`
  ADD PRIMARY KEY (`id`);

--
-- Indexes for table `delivery_men`
--
ALTER TABLE `delivery_men`
  ADD PRIMARY KEY (`id`);

--
-- Indexes for table `delivery_schedules`
--
ALTER TABLE `delivery_schedules`
  ADD PRIMARY KEY (`id`),
  ADD KEY `delivery_id` (`delivery_id`),
  ADD KEY `delivery_man_id` (`delivery_man_id`);

--
-- Indexes for table `display_contents`
--
ALTER TABLE `display_contents`
  ADD PRIMARY KEY (`id`),
  ADD KEY `stageId` (`stageId`),
  ADD KEY `itemId` (`itemId`);

--
-- Indexes for table `employees`
--
ALTER TABLE `employees`
  ADD PRIMARY KEY (`id`);

--
-- Indexes for table `fitters`
--
ALTER TABLE `fitters`
  ADD PRIMARY KEY (`id`);

--
-- Indexes for table `image_videos`
--
ALTER TABLE `image_videos`
  ADD PRIMARY KEY (`id`),
  ADD KEY `display_content_id` (`display_content_id`);

--
-- Indexes for table `items`
--
ALTER TABLE `items`
  ADD PRIMARY KEY (`id`);

--
-- Indexes for table `order_delivery`
--
ALTER TABLE `order_delivery`
  ADD PRIMARY KEY (`id`),
  ADD KEY `order_id` (`order_id`);

--
-- Indexes for table `order_items`
--
ALTER TABLE `order_items`
  ADD PRIMARY KEY (`id`),
  ADD KEY `order_id` (`order_id`);

--
-- Indexes for table `order_type`
--
ALTER TABLE `order_type`
  ADD PRIMARY KEY (`id`);

--
-- Indexes for table `sales_men`
--
ALTER TABLE `sales_men`
  ADD PRIMARY KEY (`id`);

--
-- Indexes for table `sales_orders`
--
ALTER TABLE `sales_orders`
  ADD PRIMARY KEY (`id`),
  ADD KEY `customer_id` (`customer_id`),
  ADD KEY `stageId` (`stageId`),
  ADD KEY `orderTypeId` (`orderTypeId`);

--
-- Indexes for table `sales_order_stages`
--
ALTER TABLE `sales_order_stages`
  ADD PRIMARY KEY (`stageId`);

--
-- Indexes for table `stages_log`
--
ALTER TABLE `stages_log`
  ADD PRIMARY KEY (`id`),
  ADD KEY `stageId` (`stageId`),
  ADD KEY `order_id` (`order_id`);

--
-- AUTO_INCREMENT for dumped tables
--

--
-- AUTO_INCREMENT for table `admin`
--
ALTER TABLE `admin`
  MODIFY `id` int(11) NOT NULL AUTO_INCREMENT, AUTO_INCREMENT=2;

--
-- AUTO_INCREMENT for table `contracts`
--
ALTER TABLE `contracts`
  MODIFY `id` int(11) NOT NULL AUTO_INCREMENT, AUTO_INCREMENT=9;

--
-- AUTO_INCREMENT for table `customers`
--
ALTER TABLE `customers`
  MODIFY `id` int(11) NOT NULL AUTO_INCREMENT, AUTO_INCREMENT=11;

--
-- AUTO_INCREMENT for table `delivery_men`
--
ALTER TABLE `delivery_men`
  MODIFY `id` int(11) NOT NULL AUTO_INCREMENT, AUTO_INCREMENT=2;

--
-- AUTO_INCREMENT for table `delivery_schedules`
--
ALTER TABLE `delivery_schedules`
  MODIFY `id` int(11) NOT NULL AUTO_INCREMENT, AUTO_INCREMENT=2;

--
-- AUTO_INCREMENT for table `display_contents`
--
ALTER TABLE `display_contents`
  MODIFY `id` int(11) NOT NULL AUTO_INCREMENT, AUTO_INCREMENT=6;

--
-- AUTO_INCREMENT for table `employees`
--
ALTER TABLE `employees`
  MODIFY `id` int(11) NOT NULL AUTO_INCREMENT, AUTO_INCREMENT=5;

--
-- AUTO_INCREMENT for table `fitters`
--
ALTER TABLE `fitters`
  MODIFY `id` int(11) NOT NULL AUTO_INCREMENT, AUTO_INCREMENT=2;

--
-- AUTO_INCREMENT for table `image_videos`
--
ALTER TABLE `image_videos`
  MODIFY `id` int(11) NOT NULL AUTO_INCREMENT, AUTO_INCREMENT=43;

--
-- AUTO_INCREMENT for table `items`
--
ALTER TABLE `items`
  MODIFY `id` int(11) NOT NULL AUTO_INCREMENT, AUTO_INCREMENT=5;

--
-- AUTO_INCREMENT for table `order_delivery`
--
ALTER TABLE `order_delivery`
  MODIFY `id` int(11) NOT NULL AUTO_INCREMENT, AUTO_INCREMENT=3;

--
-- AUTO_INCREMENT for table `order_items`
--
ALTER TABLE `order_items`
  MODIFY `id` int(11) NOT NULL AUTO_INCREMENT, AUTO_INCREMENT=3;

--
-- AUTO_INCREMENT for table `order_type`
--
ALTER TABLE `order_type`
  MODIFY `id` int(11) NOT NULL AUTO_INCREMENT, AUTO_INCREMENT=7;

--
-- AUTO_INCREMENT for table `sales_men`
--
ALTER TABLE `sales_men`
  MODIFY `id` int(11) NOT NULL AUTO_INCREMENT;

--
-- AUTO_INCREMENT for table `sales_orders`
--
ALTER TABLE `sales_orders`
  MODIFY `id` int(11) NOT NULL AUTO_INCREMENT, AUTO_INCREMENT=2;

--
-- AUTO_INCREMENT for table `sales_order_stages`
--
ALTER TABLE `sales_order_stages`
  MODIFY `stageId` int(11) NOT NULL AUTO_INCREMENT, AUTO_INCREMENT=12;

--
-- AUTO_INCREMENT for table `stages_log`
--
ALTER TABLE `stages_log`
  MODIFY `id` int(11) NOT NULL AUTO_INCREMENT, AUTO_INCREMENT=6;

--
-- Constraints for dumped tables
--

--
-- Constraints for table `contracts`
--
ALTER TABLE `contracts`
  ADD CONSTRAINT `contracts_ibfk_1` FOREIGN KEY (`order_id`) REFERENCES `sales_orders` (`id`);

--
-- Constraints for table `delivery_schedules`
--
ALTER TABLE `delivery_schedules`
  ADD CONSTRAINT `delivery_schedules_ibfk_1` FOREIGN KEY (`delivery_id`) REFERENCES `order_delivery` (`id`),
  ADD CONSTRAINT `delivery_schedules_ibfk_2` FOREIGN KEY (`delivery_man_id`) REFERENCES `delivery_men` (`id`);

--
-- Constraints for table `image_videos`
--
ALTER TABLE `image_videos`
  ADD CONSTRAINT `image_videos_ibfk_1` FOREIGN KEY (`display_content_id`) REFERENCES `display_contents` (`id`),
  ADD CONSTRAINT `image_videos_ibfk_2` FOREIGN KEY (`display_content_id`) REFERENCES `display_contents` (`id`);

--
-- Constraints for table `order_delivery`
--
ALTER TABLE `order_delivery`
  ADD CONSTRAINT `order_delivery_ibfk_1` FOREIGN KEY (`order_id`) REFERENCES `sales_orders` (`id`);

--
-- Constraints for table `order_items`
--
ALTER TABLE `order_items`
  ADD CONSTRAINT `order_items_ibfk_1` FOREIGN KEY (`order_id`) REFERENCES `sales_orders` (`id`);

--
-- Constraints for table `sales_orders`
--
ALTER TABLE `sales_orders`
  ADD CONSTRAINT `sales_orders_ibfk_1` FOREIGN KEY (`customer_id`) REFERENCES `customers` (`id`),
  ADD CONSTRAINT `sales_orders_ibfk_2` FOREIGN KEY (`stageId`) REFERENCES `sales_order_stages` (`stageId`),
  ADD CONSTRAINT `sales_orders_ibfk_3` FOREIGN KEY (`orderTypeId`) REFERENCES `order_type` (`id`);

--
-- Constraints for table `stages_log`
--
ALTER TABLE `stages_log`
  ADD CONSTRAINT `stages_log_ibfk_1` FOREIGN KEY (`stageId`) REFERENCES `sales_order_stages` (`stageId`),
  ADD CONSTRAINT `stages_log_ibfk_2` FOREIGN KEY (`order_id`) REFERENCES `sales_orders` (`id`);
COMMIT;

/*!40101 SET CHARACTER_SET_CLIENT=@OLD_CHARACTER_SET_CLIENT */;
/*!40101 SET CHARACTER_SET_RESULTS=@OLD_CHARACTER_SET_RESULTS */;
/*!40101 SET COLLATION_CONNECTION=@OLD_COLLATION_CONNECTION */;
